REGION	POS	REF	ALT	REF_DP	REF_RV	REF_QUAL	ALT_DP	ALT_RV	ALT_QUAL	ALT_FREQ	TOTAL_DP	PVAL	PASS	GFF_FEATURE	REF_CODON	REF_AA	ALT_CODON	ALT_AA
NC_045512.2	241	C	T	0	0	0	2	1	40	1	2	0.333333	FALSE	NA	NA	NA	NA	NA
NC_045512.2	532	A	G	0	0	0	4	2	36	1	4	0.0285714	FALSE	NA	NA	NA	NA	NA
NC_045512.2	541	C	T	0	0	0	4	2	40	1	4	0.0285714	FALSE	NA	NA	NA	NA	NA
NC_045512.2	798	A	G	2	1	40	2	1	40	0.5	4	0.285714	FALSE	NA	NA	NA	NA	NA
NC_045512.2	823	C	T	0	0	0	4	2	40	1	4	0.0285714	FALSE	NA	NA	NA	NA	NA
NC_045512.2	1450	C	G	7	4	40	1	0	40	0.125	8	0.533333	FALSE	NA	NA	NA	NA	NA
NC_045512.2	4184	G	A	0	0	0	2	1	40	1	2	0.333333	FALSE	NA	NA	NA	NA	NA
NC_045512.2	10029	C	T	0	0	0	2	1	40	1	2	0.333333	FALSE	NA	NA	NA	NA	NA
NC_045512.2	12924	C	T	0	0	0	2	1	40	1	2	0.333333	FALSE	NA	NA	NA	NA	NA
NC_045512.2	14806	T	C	0	0	0	2	1	40	1	2	0.333333	FALSE	NA	NA	NA	NA	NA
NC_045512.2	15451	G	A	0	0	0	2	1	40	1	2	0.333333	FALSE	NA	NA	NA	NA	NA
NC_045512.2	17674	A	G	2	1	40	2	1	40	0.5	4	0.285714	FALSE	NA	NA	NA	NA	NA
NC_045512.2	19326	A	G	0	0	0	2	1	40	1	2	0.333333	FALSE	NA	NA	NA	NA	NA
NC_045512.2	21711	C	T	0	0	0	2	1	40	1	2	0.333333	FALSE	NA	NA	NA	NA	NA
NC_045512.2	21738	T	C	0	0	0	2	1	40	1	2	0.333333	FALSE	NA	NA	NA	NA	NA
NC_045512.2	21764	A	-TACATG	2	1	40	2	0	20	1	2	0.6	FALSE	NA	NA	NA	NA	NA
NC_045512.2	22295	C	A	0	0	0	4	2	40	1	4	0.0285714	FALSE	NA	NA	NA	NA	NA
NC_045512.2	23525	C	T	0	0	0	2	1	40	1	2	0.333333	FALSE	NA	NA	NA	NA	NA
NC_045512.2	25294	C	A	1	1	40	1	0	24	0.5	2	0.666667	FALSE	NA	NA	NA	NA	NA
NC_045512.2	27667	G	A	0	0	0	2	1	40	1	2	0.333333	FALSE	NA	NA	NA	NA	NA
NC_045512.2	28271	A	T	0	0	0	2	1	40	1	2	0.333333	FALSE	NA	NA	NA	NA	NA
NC_045512.2	28297	T	C	0	0	0	2	1	32	1	2	0.333333	FALSE	NA	NA	NA	NA	NA
NC_045512.2	28311	C	T	0	0	0	2	1	40	1	2	0.333333	FALSE	NA	NA	NA	NA	NA
NC_045512.2	28361	G	-GAGAACGCA	4	2	40	4	0	20	1	4	0.212121	FALSE	NA	NA	NA	NA	NA
NC_045512.2	28380	G	A	2	1	40	2	1	40	0.5	4	0.285714	FALSE	NA	NA	NA	NA	NA
NC_045512.2	28627	A	G	0	0	0	2	1	40	1	2	0.333333	FALSE	NA	NA	NA	NA	NA
NC_045512.2	28881	G	A	0	0	0	3	2	40	1	3	0.1	FALSE	NA	NA	NA	NA	NA
NC_045512.2	28882	G	A	0	0	0	4	2	40	1	4	0.0285714	FALSE	NA	NA	NA	NA	NA
NC_045512.2	28883	G	C	0	0	0	4	2	40	1	4	0.0285714	FALSE	NA	NA	NA	NA	NA
